t,accel_cmd,steer_cmd,x,y,theta,v,delta,a
0,2,0,0,0,0,0,0,0
0.05,2,0,0,0,0,0.02,0,0.4
0.1,2,0,0.001,0,0,0.06,0,0.8
0.15,2,0,0.004,0,0,0.12,0,1.2
0.2,2,0,0.01,0,0,0.2,0,1.6
0.25,2,0,0.02,0,0,0.3,0,2
0.3,2,0,0.035,0,0,0.4,0,2
0.35,2,0,0.055,0,0,0.5,0,2
0.4,2,0,0.08,0,0,0.6,0,2
0.45,2,0,0.11,0,0,0.7,0,2
0.5,2,0,0.145,0,0,0.8,0,2
0.55,2,0,0.185,0,0,0.9,0,2
0.6,2,0,0.23,0,0,1,0,2
0.65,2,0,0.28,0,0,1.1,0,2
0.7,2,0,0.335,0,0,1.2,0,2
0.75,2,0,0.395,0,0,1.3,0,2
0.8,2,0,0.46,0,0,1.4,0,2
0.85,2,0,0.53,0,0,1.5,0,2
0.9,2,0,0.605,0,0,1.6,0,2
0.95,2,0,0.685,0,0,1.7,0,2
1,2,0,0.77,0,0,1.8,0,2
1.05,2,0,0.86,0,0,1.9,0,2
1.1,2,0,0.955,0,0,2,0,2
1.15,2,0,1.055,0,0,2.1,0,2
1.2,2,0,1.16,0,0,2.2,0,2
1.25,2,0,1.27,0,0,2.3,0,2
1.3,2,0,1.385,0,0,2.4,0,2
1.35,2,0,1.505,0,0,2.5,0,2
1.4,2,0,1.63,0,0,2.6,0,2
1.45,2,0,1.76,0,0,2.7,0,2
1.5,2,0,1.895,0,0,2.8,0,2
1.55,2,0,2.035,0,0,2.9,0,2
1.6,2,0,2.18,0,0,3,0,2
1.65,2,0,2.33,0,0,3.1,0,2
1.7,2,0,2.485,0,0,3.2,0,2
1.75,2,0,2.645,0,0,3.3,0,2
1.8,2,0,2.81,0,0,3.4,0,2
1.85,2,0,2.98,0,0,3.5,0,2
1.9,2,0,3.155,0,0,3.6,0,2
1.95,2,0,3.335,0,0,3.7,0,2
2,2,0,3.52,0,0,3.8,0,2
2.05,2,0,3.71,0,0,3.9,0,2
2.1,2,0,3.905,0,0,4,0,2
2.15,2,0,4.105,0,0,4.1,0,2
2.2,2,0,4.31,0,0,4.2,0,2
2.25,2,0,4.52,0,0,4.3,0,2
2.3,2,0,4.735,0,0,4.4,0,2
2.35,2,0,4.955,0,0,4.5,0,2
2.4,2,0,5.18,0,0,4.6,0,2
2.45,2,0,5.41,0,0,4.7,0,2
2.5,2,0,5.645,0,0,4.8,0,2
2.55,2,0,5.885,0,0,4.9,0,2
2.6,2,0,6.13,0,0,5,0,2
2.65,2,0,6.38,0,0,5.1,0,2
2.7,2,0,6.635,0,0,5.2,0,2
2.75,2,0,6.895,0,0,5.3,0,2
2.8,2,0,7.16,0,0,5.4,0,2
2.85,2,0,7.43,0,0,5.5,0,2
2.9,2,0,7.705,0,0,5.6,0,2
2.95,2,0,7.985,0,0,5.7,0,2
3,0.5,0.4,8.27,0,0,5.8,0,2
3.05,0.5,0.4,8.56,0,0.00174013051175,5.88,0.015,1.6
3.1,0.5,0.4,8.85399955488,0.000511598112262,0.00526918929291,5.94,0.03,1.2
3.15,0.5,0.4,9.15099543188,0.00207654009063,0.0106188007682,5.98,0.045,0.8
3.2,0.5,0.4,9.44997857458,0.005251501852,0.0178034243865,6.005,0.06,0.5
3.25,0.5,0.4,9.75018099193,0.010596697643,0.0268278515361,6.03,0.075,0.5
3.3,0.5,0.4,10.0515724986,0.0186843246435,0.0377112525992,6.055,0.09,0.5
3.35,0.5,0.4,10.3541072479,0.0300987004483,0.0504736890624,6.08,0.105,0.5
3.4,0.5,0.4,10.6577200959,0.0454361877072,0.0651361364673,6.105,0.12,0.5
3.45,0.5,0.4,10.9623227802,0.0653049368288,0.0817205091555,6.13,0.135,0.5
3.5,0.5,0.4,11.2677999092,0.0903244034989,0.100249686889,6.155,0.15,0.5
3.55,0.5,0.4,11.5740047602,0.121124593768,0.120747543438,6.18,0.165,0.5
3.6,0.5,0.4,11.8807548905,0.158344985246,0.143238977228,6.205,0.18,0.5
3.65,0.5,0.4,12.1878275662,0.202633068541,0.167749944161,6.23,0.195,0.5
3.7,0.5,0.4,12.4949550225,0.254642448588,0.194307492731,6.255,0.21,0.5
3.75,0.5,0.4,12.8018195738,0.315030440962,0.222939801544,6.28,0.225,0.5
3.8,0.5,0.4,13.1080486018,0.384455093881,0.253676219405,6.305,0.24,0.5
3.85,0.5,0.4,13.413209456,0.463571562376,0.28654730811,6.33,0.255,0.5
3.9,0.5,0.4,13.7168043162,0.553027757399,0.321584888112,6.355,0.27,0.5
3.95,0.5,0.4,14.0182650764,0.653459189545,0.358822087244,6.38,0.285,0.5
4,0.5,0.4,14.3169483245,0.765482924948,0.398293392694,6.405,0.3,0.5
4.05,0.5,0.4,14.6121305113,0.889690570119,0.440034706444,6.43,0.315,0.5
4.1,0.5,0.4,14.9030034181,1.02664020338,0.484083404408,6.455,0.33,0.5
4.15,0.5,0.4,15.188670057,1.17684717375,0.53047839953,6.48,0.345,0.5
4.2,0.5,0.4,15.4681411575,1.3407736939,0.579260209103,6.505,0.36,0.5
4.25,0.5,0.4,15.7403324238,1.51881716346,0.630471026631,6.53,0.375,0.5
4.3,0.5,0.4,16.0040627713,1.71129717229,0.684154798549,6.555,0.39,0.5
4.35,0.5,0.4,16.258053783,1.91844115226,0.739582989526,6.58,0.4,0.5
4.4,0.5,0.4,16.5011024276,2.14018054063,0.795222577112,6.605,0.4,0.5
4.45,0.5,0.4,16.7323189926,2.37598546552,0.851073561307,6.63,0.4,0.5
4.5,0.5,0.4,16.9508359096,2.62526965474,0.907135942112,6.655,0.4,0.5
4.55,0.5,0.4,17.1558113782,2.88739103838,0.963409719526,6.68,0.4,0.5
4.6,0.5,0.4,17.3464330085,3.16165258154,1.01989489355,6.705,0.4,0.5
4.65,0.5,0.4,17.5219214684,3.44730335251,1.07659146418,6.73,0.4,0.5
4.7,0.5,0.4,17.6815341208,3.74353983099,1.13349943142,6.755,0.4,0.5
4.75,0.5,0.4,17.8245686362,4.04950745985,1.19061879528,6.78,0.4,0.5
4.8,0.5,0.4,17.9503665633,4.36430244317,1.24794955574,6.805,0.4,0.5
4.85,0.5,0.4,18.0583168432,4.68697379234,1.30549171281,6.83,0.4,0.5
4.9,0.5,0.4,18.1478592485,5.01652562081,1.36324526649,6.855,0.4,0.5
4.95,0.5,0.4,18.218487732,5.35191968728,1.42121021678,6.88,0.4,0.5
5,0.5,0.4,18.2697536657,5.69207818568,1.47938656367,6.905,0.4,0.5
5.05,0.5,0.4,18.3012689547,6.03588677933,1.53777430718,6.93,0.4,0.5
5.1,0.5,0.4,18.3127090051,6.38219787538,1.5963734473,6.955,0.4,0.5
5.15,0.5,0.4,18.3038155312,6.72983413445,1.65518398403,6.98,0.4,0.5
5.2,0.5,0.4,18.2743991815,7.07759220894,1.71420591736,7.005,0.4,0.5
5.25,0.5,0.4,18.224341967,7.42424670231,1.77343924731,7.03,0.4,0.5
5.3,0.5,0.4,18.1535994735,7.76855434036,1.83288397386,7.055,0.4,0.5
5.35,0.5,0.4,18.0622028405,8.10925834381,1.89254009702,7.08,0.4,0.5
5.4,0.5,0.4,17.9502604896,8.44509299076,1.9524076168,7.105,0.4,0.5
5.45,0.5,0.4,17.8179595865,8.77478835551,2.01248653318,7.13,0.4,0.5
5.5,0.5,0.4,17.6655672185,9.09707520937,2.07277684617,7.155,0.4,0.5
5.55,0.5,0.4,17.4934312746,9.4106900676,2.13327855577,7.18,0.4,0.5
5.6,0.5,0.4,17.3019810116,9.71438036514,2.19399166199,7.205,0.4,0.5
5.65,0.5,0.4,17.0917272939,10.0069097426,2.25491616481,7.23,0.4,0.5
5.7,0.5,0.4,16.8632624923,10.2870634226,2.31605206424,7.255,0.4,0.5
5.75,0.5,0.4,16.6172600329,10.5536536559,2.37739936027,7.28,0.4,0.5
5.8,0.5,0.4,16.3544735829,10.8055252138,2.43895805292,7.305,0.4,0.5
5.85,0.5,0.4,16.0757358656,11.0415609049,2.50072814218,7.33,0.4,0.5
5.9,0.5,0.4,15.7819570977,11.2606870911,2.56270962805,7.355,0.4,0.5
5.95,0.5,0.4,15.4741230398,11.4618791767,2.62490251052,7.38,0.4,0.5
6,0,-0.4,15.1532926594,11.6441670453,2.68730678961,7.405,0.4,0.5
6.05,0,-0.4,14.8205954008,11.8066404174,2.74732017137,7.41,0.385,0.1
6.1,0,-0.4,14.478521541,11.9489630242,2.80480149192,7.41,0.37,0
6.15,0,-0.4,14.128836262,12.0713985406,2.85973999246,7.41,0.355,0
6.2,0,-0.4,13.7729555266,12.1744478112,2.91216379778,7.41,0.34,0
6.25,0,-0.4,13.412163944,12.2587074335,2.96209945524,7.41,0.325,0
6.3,0,-0.4,13.0476162863,12.3248531456,3.0095719915,7.41,0.31,0
6.35,0,-0.4,12.6803404059,12.3736248349,3.05460496528,7.41,0.295,0
6.4,0,-0.4,12.3112412826,12.4058131435,3.09722051635,7.41,0.28,0
6.45,0,-0.4,11.941105959,12.4222476262,3.13743941092,7.41,0.265,0
6.5,0,-0.4,11.5706091545,12.4237863982,-3.10790422354,7.41,0.25,0
6.55,0,-0.4,11.2003193767,12.4113071956,-3.07242163065,7.41,0.235,0
6.6,0,-0.4,10.8307053762,12.3856997634,-3.03928123238,7.41,0.22,0
6.65,0,-0.4,10.4621428131,12.3478594788,-3.00846736728,7.41,0.205,0
6.7,0,-0.4,10.0949210312,12.2986821175,-2.97996556736,7.41,0.19,0
6.75,0,-0.4,9.7292498495,12.2390596647,-2.9537625303,7.41,0.175,0
6.8,0,-0.4,9.36526630595,12.1698770801,-2.92984609422,7.41,0.16,0
6.85,0,-0.4,9.00304129911,12.0920099213,-2.90820521471,7.41,0.145,0
6.9,0,-0.4,8.64258609123,12.0063227395,-2.88882994418,7.41,0.13,0
6.95,0,-0.4,8.28385864734,11.9136681606,-2.87171141337,7.41,0.115,0
7,0,-0.4,7.92676979643,11.8148865704,-2.85684181497,7.41,0.1,0
7.05,0,-0.4,7.57118921031,11.7108063284,-2.84421438926,7.41,0.085,0
7.1,0,-0.4,7.2169512034,11.6022444361,-2.83382341178,7.41,0.07,0
7.15,0,-0.4,6.86386036417,11.4900075917,-2.8256641829,7.41,0.055,0
7.2,0,-0.4,6.51169703397,11.3748935662,-2.81973301928,7.41,0.04,0
7.25,0,-0.4,6.1602226542,11.2576928394,-2.81602724721,7.41,0.025,0
7.3,0,-0.4,5.80918500596,11.1391904363,-2.81454519781,7.41,0.01,0
7.35,0,-0.4,5.4583233696,11.0201679085,-2.81528620398,7.41,-0.005,0
7.4,0,-0.4,5.10737363314,10.901405404,-2.81825059924,7.41,-0.02,0
7.45,0,-0.4,4.75607338021,10.7836837735,-2.82343971831,7.41,-0.035,0
7.5,0,-0.4,4.40416698817,10.6677866586,-2.83085589949,7.41,-0.05,0
7.55,0,-0.4,4.05141076734,10.5545025085,-2.84050248893,7.41,-0.065,0
7.6,0,-0.4,3.69757817081,10.4446264709,-2.85238384665,7.41,-0.08,0
7.65,0,-0.4,3.34246510288,10.3389621014,-2.86650535443,7.41,-0.095,0
7.7,0,-0.4,2.98589535152,10.2383228326,-2.88287342564,7.41,-0.11,0
7.75,0,-0.4,2.62772616691,10.1435331434,-2.90149551688,7.41,-0.125,0
7.8,0,-0.4,2.26785400364,10.0554293631,-2.92238014172,7.41,-0.14,0
7.85,0,-0.4,1.90622043915,9.97486004485,-2.94553688635,7.41,-0.155,0
7.9,0,-0.4,1.5428182742,9.90268583539,-2.9709764274,7.41,-0.17,0
7.95,0,-0.4,1.17769781372,9.83977876634,-2.99871055181,7.41,-0.185,0
8,0,-0.4,0.810973317391,9.78702088739,-3.02875217908,7.41,-0.2,0
8.05,0,-0.4,0.442829598784,9.74530215718,-3.06111538566,7.41,-0.215,0
8.1,0,-0.4,0.073528739797,9.71551750423,-3.09581543196,7.41,-0.23,0
8.15,0,-0.4,-0.296583126607,9.69856296659,-3.13286879174,7.41,-0.245,0
8.2,0,-0.4,-0.667069028104,9.69533081677,3.11089212296,7.41,-0.26,0
8.25,0,-0.4,-1.03739443951,9.70670357666,3.06907769815,7.41,-0.275,0
8.3,0,-0.4,-1.40692074422,9.7335468277,3.02485292318,7.41,-0.29,0
8.35,0,-0.4,-1.77489899257,9.77670072368,2.97819612101,7.41,-0.305,0
8.4,0,-0.4,-2.14046410315,9.83697011829,2.92908421116,7.41,-0.32,0
8.45,0,-0.4,-2.5026296792,9.91511322758,2.87749266194,7.41,-0.335,0
8.5,0,-0.4,-2.8602836404,10.0118287591,2.823395439,7.41,-0.35,0
8.55,0,-0.4,-3.21218490025,10.127741456,2.76676494994,7.41,-0.365,0
8.6,0,-0.4,-3.55696135035,10.2633860264,2.70757198462,7.41,-0.38,0
8.65,0,-0.4,-3.89310944533,10.4191894546,2.64578565108,7.41,-0.395,0
8.7,0,-0.4,-4.21899571436,10.5954517298,2.58312769606,7.41,-0.4,0
8.75,0,-0.4,-4.53320546628,10.7917741223,2.52046974105,7.41,-0.4,0
8.8,0,-0.4,-4.83450551106,11.0073861187,2.45781178603,7.41,-0.4,0
8.85,0,-0.4,-5.12171332589,11.2414414991,2.39515383101,7.41,-0.4,0
8.9,0,-0.4,-5.39370169617,11.4930216582,2.332495876,7.41,-0.4,0
8.95,0,-0.4,-5.64940313962,11.7611392104,2.26983792098,7.41,-0.4,0
9,-4,0.1,-5.88781409585,12.0447418655,2.20717996596,7.41,-0.4,0
9.05,-4,0.1,-6.10799886501,12.3427165581,2.147126062,7.39,-0.385,-0.4
9.1,-4,0.1,-6.30935796875,12.6525306335,2.08979988671,7.35,-0.37,-0.8
9.15,-4,0.1,-6.4916435406,12.9716359771,2.03530623233,7.29,-0.355,-1.2
9.2,-4,0.1,-6.65493396033,13.2975140046,1.98373139551,7.21,-0.34,-1.6
9.25,-4,0.1,-6.79960240117,13.6277128723,1.93514352908,7.11,-0.325,-2
9.3,-4,0.1,-6.92628106662,13.9598766357,1.88959295786,6.99,-0.31,-2.4
9.35,-4,0.1,-7.03582277305,14.2917664737,1.84711246032,6.85,-0.295,-2.8
9.4,-4,0.1,-7.1292613562,14.6212744117,1.8077175177,6.69,-0.28,-3.2
9.45,-4,0.1,-7.20777216575,14.9464302247,1.77140653192,6.51,-0.265,-3.6
9.5,-4,0.1,-7.27263368343,15.2654023764,1.73816101377,6.31,-0.25,-4
9.55,-4,0.1,-7.32519107432,15.5764939556,1.70794574236,6.11,-0.235,-4
9.6,-4,0.1,-7.3669589907,15.8791252348,1.68061944906,5.91,-0.22,-4
9.65,-4,0.1,-7.39934652662,16.172844995,1.65604320847,5.71,-0.205,-4
9.7,-4,0.1,-7.42365504456,16.4573082544,1.63408028302,5.51,-0.19,-4
9.75,-4,0.1,-7.44107813956,16.7322567692,1.61459597342,5.31,-0.175,-4
9.8,-4,0.1,-7.45270322796,16.9975021411,1.59745747469,5.11,-0.16,-4
9.85,-4,0.1,-7.45951434427,17.2529113396,1.58253373726,4.91,-0.145,-4
9.9,-4,0.1,-7.46239581238,17.4983944289,1.56969533264,4.71,-0.13,-4
9.95,-4,0.1,-7.46213652831,17.7338942862,1.55881432318,4.51,-0.115,-4
10,-4,0.1,-7.45943465114,17.959378099,1.54976413575,4.31,-0.1,-4
10.05,-4,0.1,-7.45490254812,18.1748304373,1.54241943875,4.11,-0.085,-4
10.1,-4,0.1,-7.44907188022,18.3802477036,1.53665602209,3.91,-0.07,-4
10.15,-4,0.1,-7.44239874715,18.5756337811,1.53235068,3.71,-0.055,-4
10.2,-4,0.1,-7.43526883639,18.7609967072,1.52938109605,3.51,-0.04,-4
10.25,-4,0.1,-7.42800254103,18.9363462181,1.52762573033,3.31,-0.025,-4
10.3,-4,0.1,-7.42086002638,19.1016920208,1.52696370826,3.11,-0.01,-4
10.35,-4,0.1,-7.41404623658,19.2570426638,1.52727471086,2.91,0.005,-4
10.4,-4,0.1,-7.40771584033,19.4024048875,1.52843886608,2.71,0.02,-4
10.45,-4,0.1,-7.40197812049,19.5377833517,1.53033664107,2.51,0.035,-4
10.5,-4,0.1,-7.39690181517,19.6631806448,1.53284873483,2.31,0.05,-4
10.55,-4,0.1,-7.39251992014,19.7785974937,1.53585597121,2.11,0.065,-4
10.6,-4,0.1,-7.38883446262,19.8840331015,1.53923919183,1.91,0.08,-4
10.65,-4,0.1,-7.38582125641,19.9794855535,1.54287914863,1.71,0.095,-4
10.7,-4,0.1,-7.38343464771,20.0649522376,1.54631059442,1.51,0.1,-4
10.75,-4,0.1,-7.38158615964,20.1404296057,1.54934070151,1.31,0.1,-4
10.8,-4,0.1,-7.38018092401,20.20591453,1.55196946992,1.11,0.1,-4
10.85,-4,0.1,-7.37913609518,20.2614046943,1.55419689964,0.91,0.1,-4
10.9,-4,0.1,-7.37838085593,20.3068984259,1.55602299067,0.71,0.1,-4
10.95,-4,0.1,-7.37785642157,20.342394552,1.55744774302,0.51,0.1,-4
11,-4,0.1,-7.37751604279,20.3678922802,1.55847115667,0.31,0.1,-4
11.05,-4,0.1,-7.37732500749,20.3833911029,1.55909323164,0.11,0.1,-4
11.1,-4,0.1,-7.37726064194,20.3888907263,1.55931396792,0,0.1,-4
11.15,-4,0.1,-7.37726064194,20.3888907263,1.55931396792,0,0.1,-4
11.2,-4,0.1,-7.37726064194,20.3888907263,1.55931396792,0,0.1,-4
11.25,-4,0.1,-7.37726064194,20.3888907263,1.55931396792,0,0.1,-4
11.3,-4,0.1,-7.37726064194,20.3888907263,1.55931396792,0,0.1,-4
11.35,-4,0.1,-7.37726064194,20.3888907263,1.55931396792,0,0.1,-4
11.4,-4,0.1,-7.37726064194,20.3888907263,1.55931396792,0,0.1,-4
11.45,-4,0.1,-7.37726064194,20.3888907263,1.55931396792,0,0.1,-4
11.5,-4,0.1,-7.37726064194,20.3888907263,1.55931396792,0,0.1,-4
11.55,-4,0.1,-7.37726064194,20.3888907263,1.55931396792,0,0.1,-4
11.6,-4,0.1,-7.37726064194,20.3888907263,1.55931396792,0,0.1,-4
11.65,-4,0.1,-7.37726064194,20.3888907263,1.55931396792,0,0.1,-4
11.7,-4,0.1,-7.37726064194,20.3888907263,1.55931396792,0,0.1,-4
11.75,-4,0.1,-7.37726064194,20.3888907263,1.55931396792,0,0.1,-4
11.8,-4,0.1,-7.37726064194,20.3888907263,1.55931396792,0,0.1,-4
11.85,-4,0.1,-7.37726064194,20.3888907263,1.55931396792,0,0.1,-4
11.9,-4,0.1,-7.37726064194,20.3888907263,1.55931396792,0,0.1,-4
11.95,-4,0.1,-7.37726064194,20.3888907263,1.55931396792,0,0.1,-4
12,2,-0.25,-7.37726064194,20.3888907263,1.55931396792,0,0.1,-4
12.05,2,-0.25,-7.37726064194,20.3888907263,1.55931396792,0,0.085,-3.6
12.1,2,-0.25,-7.37726064194,20.3888907263,1.55931396792,0,0.07,-3.2
12.15,2,-0.25,-7.37726064194,20.3888907263,1.55931396792,0,0.055,-2.8
12.2,2,-0.25,-7.37726064194,20.3888907263,1.55931396792,0,0.04,-2.4
12.25,2,-0.25,-7.37726064194,20.3888907263,1.55931396792,0,0.025,-2
12.3,2,-0.25,-7.37726064194,20.3888907263,1.55931396792,0,0.01,-1.6
12.35,2,-0.25,-7.37726064194,20.3888907263,1.55931396792,0,-0.005,-1.2
12.4,2,-0.25,-7.37726064194,20.3888907263,1.55931396792,0,-0.02,-0.8
12.45,2,-0.25,-7.37726064194,20.3888907263,1.55931396792,0,-0.035,-0.4
12.5,2,-0.25,-7.37726064194,20.3888907263,1.55931396792,0,-0.05,-5.55111512313e-16
12.55,2,-0.25,-7.37726064194,20.3888907263,1.55931396792,0.02,-0.065,0.4
12.6,2,-0.25,-7.37724915983,20.3898906603,1.55928189948,0.06,-0.08,0.8
12.65,2,-0.25,-7.37721461731,20.3928904615,1.55916755528,0.12,-0.095,1.2
12.7,2,-0.25,-7.37714484626,20.3988900558,1.5589024853,0.2,-0.11,1.6
12.75,2,-0.25,-7.37702591065,20.4088893485,1.55839986476,0.3,-0.125,2
12.8,2,-0.25,-7.37683996848,20.423888196,1.55755433339,0.4,-0.14,2
12.85,2,-0.25,-7.37657513635,20.4438864425,1.55630430669,0.5,-0.155,2
12.9,2,-0.25,-7.37621284853,20.4688838173,1.55458773847,0.6,-0.17,2
12.95,2,-0.25,-7.37572661217,20.4988798766,1.55234206038,0.7,-0.185,2
13,2,-0.25,-7.37508074951,20.533873917,1.54950411988,0.8,-0.2,2
13.05,2,-0.25,-7.37422912558,20.5738648502,1.54601011647,0.9,-0.215,2
13.1,2,-0.25,-7.37311386032,20.6188510279,1.54179553595,1,-0.23,2
13.15,2,-0.25,-7.37166402403,20.6688300032,1.53679508253,1.1,-0.245,2
13.2,2,-0.25,-7.3697943159,20.7237982139,1.53117756027,1.2,-0.25,2
13.25,2,-0.25,-7.36741781173,20.7837511307,1.52504935416,1.3,-0.25,2
13.3,2,-0.25,-7.36444529557,20.848683127,1.51841046421,1.4,-0.25,2
13.35,2,-0.25,-7.36077996217,20.9185870992,1.51126089041,1.5,-0.25,2
13.4,2,-0.25,-7.35631744175,20.9934542209,1.50360063278,1.6,-0.25,2
13.45,2,-0.25,-7.35094583073,21.0732736784,1.4954296913,1.7,-0.25,2
13.5,2,-0.25,-7.34454572963,21.1580323871,1.48674806598,1.8,-0.25,2
13.55,2,-0.25,-7.3369902889,21.2477146893,1.47755575681,1.9,-0.25,2
13.6,2,-0.25,-7.32814526392,21.3423020327,1.46785276381,2,-0.25,2
13.65,2,-0.25,-7.31786908018,21.4417726316,1.45763908696,2.1,-0.25,2
13.7,2,-0.25,-7.30601291002,21.5461011092,1.44691472627,2.2,-0.25,2
13.75,2,-0.25,-7.29242076197,21.6552581223,1.43567968173,2.3,-0.25,2
13.8,2,-0.25,-7.27692958418,21.7692099692,1.42393395336,2.4,-0.25,2
13.85,2,-0.25,-7.25936938327,21.8879181801,1.41167754114,2.5,-0.25,2
13.9,2,-0.25,-7.23956336002,22.0113390918,1.39891044508,2.6,-0.25,2
13.95,2,-0.25,-7.21732806337,22.1394234061,1.38563266517,2.7,-0.25,2
14,2,-0.25,-7.19247356437,22.272115734,1.37184420143,2.8,-0.25,2
14.05,2,-0.25,-7.16480365147,22.4093541249,1.35754505384,2.9,-0.25,2
14.1,2,-0.25,-7.13411604897,22.5510695829,1.34273522241,3,-0.25,2
14.15,2,-0.25,-7.10020266017,22.6971855713,1.32741470713,3.1,-0.25,2
14.2,2,-0.25,-7.06284983689,22.8476175047,1.31158350802,3.2,-0.25,2
14.25,2,-0.25,-7.02183867716,23.0022722324,1.29524162506,3.3,-0.25,2
14.3,2,-0.25,-6.97694535274,23.161047512,1.27838905826,3.4,-0.25,2
14.35,2,-0.25,-6.92794146815,23.3238314771,1.26102580762,3.5,-0.25,2
14.4,2,-0.25,-6.87459445307,23.4905020983,1.24315187313,3.6,-0.25,2
14.45,2,-0.25,-6.81666798979,23.6609266413,1.2247672548,3.7,-0.25,2
14.5,2,-0.25,-6.7539224773,23.8349611226,1.20587195263,3.8,-0.25,2
14.55,2,-0.25,-6.68611553388,24.0124497656,1.18646596662,3.9,-0.25,2
14.6,2,-0.25,-6.61300253975,24.1932244599,1.16654929676,4,-0.25,2
14.65,2,-0.25,-6.5343372213,24.3771042241,1.14612194307,4.1,-0.25,2
14.7,2,-0.25,-6.44987227858,24.5638946774,1.12518390553,4.2,-0.25,2
14.75,2,-0.25,-6.3593600573,24.7533875211,1.10373518414,4.3,-0.25,2
14.8,2,-0.25,-6.26255326691,24.945360033,1.08177577892,4.4,-0.25,2
14.85,2,-0.25,-6.15920574576,25.139574579,1.05930568985,4.5,-0.25,2
14.9,2,-0.25,-6.04907327468,25.3357781437,1.03632491694,4.6,-0.25,2
14.95,2,-0.25,-5.93191443978,25.5337018851,1.01283346019,4.7,-0.25,2
15,-4,0,-5.80749154534,25.7330607157,0.988831319594,4.8,-0.25,2
15.05,-4,0,-5.67557157746,25.9335529152,0.965846644038,4.88,-0.235,1.6
15.1,-4,0,-5.53680372922,26.1342504097,0.944021388498,4.94,-0.22,1.2
15.15,-4,0,-5.39192939649,26.3343014725,0.923478811767,4.98,-0.205,0.8
15.2,-4,0,-5.24177025822,26.5329298521,0.904323755947,5,-0.19,0.4
15.25,-4,0,-5.08721594472,26.7294316694,0.886642894234,5,-0.175,1.11022302463e-16
15.3,-4,0,-4.92921164799,26.9231702618,0.87050494816,4.98,-0.16,-0.4
15.35,-4,0,-4.76874595887,27.1135692183,0.855960875292,4.94,-0.145,-0.8
15.4,-4,0,-4.60683914875,27.3001038929,0.843044028273,4.88,-0.13,-1.2
15.45,-4,0,-4.44453205132,27.4822917249,0.831770285986,4.8,-0.115,-1.6
15.5,-4,0,-4.28287564644,27.6596817098,0.822138157466,4.7,-0.1,-2
15.55,-4,0,-4.12292140557,27.8318433805,0.814128859108,4.58,-0.085,-2.4
15.6,-4,0,-3.96571242819,27.9983556546,0.807706365607,4.44,-0.07,-2.8
15.65,-4,0,-3.81227538153,28.1587959011,0.802817434941,4.28,-0.055,-3.2
15.7,-4,0,-3.66361325319,28.3127295609,0.799391607638,4.1,-0.04,-3.6
15.75,-4,0,-3.52069893525,28.4597006387,0.797341180448,3.9,-0.025,-4
15.8,-4,0,-3.3844696801,28.599223361,0.796561154447,3.7,-0.01,-4
15.85,-4,0,-3.25512332967,28.7314902187,0.796561154447,3.5,0,-4
15.9,-4,0,-3.13276867386,28.8566075164,0.796561154447,3.3,0,-4
15.95,-4,0,-3.01740571266,28.9745752543,0.796561154447,3.1,0,-4
16,-4,0,-2.90903444609,29.0853934324,0.796561154447,2.9,0,-4
16.05,-4,0,-2.80765487413,29.1890620505,0.796561154447,2.7,0,-4
16.1,-4,0,-2.71326699679,29.2855811088,0.796561154447,2.5,0,-4
16.15,-4,0,-2.62587081406,29.3749506072,0.796561154447,2.3,0,-4
16.2,-4,0,-2.54546632596,29.4571705457,0.796561154447,2.1,0,-4
16.25,-4,0,-2.47205353247,29.5322409244,0.796561154447,1.9,0,-4
16.3,-4,0,-2.4056324336,29.6001617432,0.796561154447,1.7,0,-4
16.35,-4,0,-2.34620302935,29.6609330021,0.796561154447,1.5,0,-4
16.4,-4,0,-2.29376531972,29.7145547011,0.796561154447,1.3,0,-4
16.45,-4,0,-2.2483193047,29.7610268403,0.796561154447,1.1,0,-4
16.5,-4,0,-2.2098649843,29.8003494196,0.796561154447,0.9,0,-4
16.55,-4,0,-2.17840235852,29.832522439,0.796561154447,0.7,0,-4
16.6,-4,0,-2.15393142736,29.8575458986,0.796561154447,0.5,0,-4
16.65,-4,0,-2.13645219082,29.8754197983,0.796561154447,0.3,0,-4
16.7,-4,0,-2.12596464889,29.8861441381,0.796561154447,0.1,0,-4
16.75,-4,0,-2.12246880158,29.889718918,0.796561154447,0,0,-4
16.8,-4,0,-2.12246880158,29.889718918,0.796561154447,0,0,-4
16.85,-4,0,-2.12246880158,29.889718918,0.796561154447,0,0,-4
16.9,-4,0,-2.12246880158,29.889718918,0.796561154447,0,0,-4
16.95,-4,0,-2.12246880158,29.889718918,0.796561154447,0,0,-4
17,-4,0,-2.12246880158,29.889718918,0.796561154447,0,0,-4
17.05,-4,0,-2.12246880158,29.889718918,0.796561154447,0,0,-4
17.1,-4,0,-2.12246880158,29.889718918,0.796561154447,0,0,-4
17.15,-4,0,-2.12246880158,29.889718918,0.796561154447,0,0,-4
17.2,-4,0,-2.12246880158,29.889718918,0.796561154447,0,0,-4
17.25,-4,0,-2.12246880158,29.889718918,0.796561154447,0,0,-4
17.3,-4,0,-2.12246880158,29.889718918,0.796561154447,0,0,-4
17.35,-4,0,-2.12246880158,29.889718918,0.796561154447,0,0,-4
17.4,-4,0,-2.12246880158,29.889718918,0.796561154447,0,0,-4
17.45,-4,0,-2.12246880158,29.889718918,0.796561154447,0,0,-4
17.5,-4,0,-2.12246880158,29.889718918,0.796561154447,0,0,-4
17.55,-4,0,-2.12246880158,29.889718918,0.796561154447,0,0,-4
17.6,-4,0,-2.12246880158,29.889718918,0.796561154447,0,0,-4
17.65,-4,0,-2.12246880158,29.889718918,0.796561154447,0,0,-4
17.7,-4,0,-2.12246880158,29.889718918,0.796561154447,0,0,-4
17.75,-4,0,-2.12246880158,29.889718918,0.796561154447,0,0,-4
17.8,-4,0,-2.12246880158,29.889718918,0.796561154447,0,0,-4
17.85,-4,0,-2.12246880158,29.889718918,0.796561154447,0,0,-4
17.9,-4,0,-2.12246880158,29.889718918,0.796561154447,0,0,-4
17.95,-4,0,-2.12246880158,29.889718918,0.796561154447,0,0,-4
18,0.6,0,-2.12246880158,29.889718918,0.796561154447,0,0,-4
18.05,0.6,0.00785039343644,-2.12246880158,29.889718918,0.796561154447,0,0,-3.6
18.1,0.6,0.0156792694901,-2.12246880158,29.889718918,0.796561154447,0,0.00785039343644,-3.2
18.15,0.6,0.023465169756,-2.12246880158,29.889718918,0.796561154447,0,0.0156792694901,-2.8
18.2,0.6,0.0311867536227,-2.12246880158,29.889718918,0.796561154447,0,0.023465169756,-2.4
18.25,0.6,0.0388228567654,-2.12246880158,29.889718918,0.796561154447,0,0.0311867536227,-2
18.3,0.6,0.0463525491562,-2.12246880158,29.889718918,0.796561154447,0,0.0388228567654,-1.6
18.35,0.6,0.0537551924318,-2.12246880158,29.889718918,0.796561154447,0,0.0463525491562,-1.2
18.4,0.6,0.0610104964614,-2.12246880158,29.889718918,0.796561154447,0,0.0537551924318,-0.8
18.45,0.6,0.0680985749609,-2.12246880158,29.889718918,0.796561154447,0,0.0610104964614,-0.4
18.5,0.6,0.075,-2.12246880158,29.889718918,0.796561154447,0,0.0680985749609,-5.55111512313e-16
18.55,0.6,0.0816958552523,-2.12246880158,29.889718918,0.796561154447,0.02,0.075,0.4
18.6,0.6,0.0881677878439,-2.12176963212,29.890433874,0.796593905685,0.05,0.0816958552523,0.6
18.65,0.6,0.0943980586575,-2.120021767,29.8922213212,0.796682302644,0.08,0.0881677878439,0.6
18.7,0.6,0.100369590954,-2.11722543564,29.895081484,0.796833789773,0.11,0.0943980586575,0.6
18.75,0.6,0.106066017178,-2.11338107582,29.8990147901,0.797055347367,0.14,0.100369590954,0.6
18.8,0.6,0.111471723822,-2.10848936346,29.9040219001,0.797353450943,0.17,0.106066017178,0.6
18.85,0.6,0.116571894219,-2.10255123979,29.9101037327,0.797734032473,0.2,0.111471723822,0.6
18.9,0.6,0.121352549156,-2.09556793554,29.917261488,0.798202443723,0.23,0.116571894219,0.6
18.95,0.6,0.125800585192,-2.08754099222,29.9254966675,0.798763421893,0.26,0.121352549156,0.6
19,0.6,0.129903810568,-2.07847228006,29.9348110896,0.799421057804,0.29,0.125800585192,0.6
19.05,0.6,0.133650978628,-2.06836401251,29.9452069026,0.800178766821,0.32,0.129903810568,0.6
19.1,0.6,0.137031818646,-2.05721875717,29.9566865926,0.801039262757,0.35,0.133650978628,0.6
19.15,0.6,0.140037063975,-2.04503944296,29.9692529885,0.802004534934,0.38,0.137031818646,0.6
19.2,0.6,0.142658477444,-2.0318293634,29.9829092617,0.803075828618,0.41,0.140037063975,0.6
19.25,0.6,0.144888873943,-2.01759217587,29.9976589224,0.804253628973,0.44,0.142658477444,0.6
19.3,0.6,0.14672214011,-2.00233189679,30.0135058112,0.805537648714,0.47,0.144888873943,0.6
19.35,0.6,0.148153251089,-1.98605289263,30.0304540861,0.806926819572,0.5,0.14672214011,0.6
19.4,0.6,0.149178284305,-1.96875986667,30.0485082062,0.808419287681,0.53,0.148153251089,0.6
19.45,0.6,0.149794430213,-1.95045784146,30.0676729101,0.810012412954,0.56,0.149178284305,0.6
19.5,0.6,0.15,-1.93115213707,30.0879531906,0.811702772497,0.59,0.149794430213,0.6
19.55,0.6,0.149794430213,-1.91084834501,30.109354266,0.81348616807,0.62,0.15,0.6
19.6,0.6,0.149178284305,-1.88955229791,30.1318815467,0.815357637564,0.65,0.149794430213,0.6
19.65,0.6,0.148153251089,-1.86727003506,30.1555405992,0.817311470446,0.68,0.149178284305,0.6
19.7,0.6,0.14672214011,-1.84400776388,30.1803371058,0.819341227074,0.71,0.148153251089,0.6
19.75,0.6,0.144888873943,-1.81977181738,30.2062768224,0.821439761775,0.74,0.14672214011,0.6
19.8,0.6,0.142658477444,-1.79456860786,30.2333655327,0.823599249522,0.77,0.144888873943,0.6
19.85,0.6,0.140037063975,-1.76840457698,30.2616090008,0.825811216042,0.8,0.142658477444,0.6
19.9,0.6,0.137031818646,-1.74128614236,30.2910129207,0.828066571165,0.83,0.140037063975,0.6
19.95,0.6,0.133650978628,-1.71321964109,30.3215828652,0.830355645186,0.86,0.137031818646,0.6
20,0.6,0.129903810568,-1.68421127023,30.3533242328,0.832668228013,0.89,0.133650978628,0.6
20.05,0.6,0.125800585192,-1.65426702484,30.386242194,0.834993610858,0.92,0.129903810568,0.6
20.1,0.6,0.121352549156,-1.62339263357,30.4203416363,0.837320630234,0.95,0.125800585192,0.6
20.15,0.6,0.116571894219,-1.59159349248,30.4556271096,0.839637713983,0.98,0.121352549156,0.6
20.2,0.6,0.111471723822,-1.55887459725,30.4921027712,0.841932929105,1.01,0.116571894219,0.6
20.25,0.6,0.106066017178,-1.52524047425,30.5297723315,0.844194031137,1.04,0.111471723822,0.6
20.3,0.6,0.100369590954,-1.49069511102,30.5686389995,0.846408514843,1.07,0.106066017178,0.6
20.35,0.6,0.0943980586575,-1.45524188639,30.6087054301,0.848563665992,1.1,0.100369590954,0.6
20.4,0.6,0.0881677878439,-1.4188835009,30.6499736722,0.850646614006,1.13,0.0943980586575,0.6
20.45,0.6,0.0816958552523,-1.381621908,30.6924451178,0.852644385294,1.16,0.0881677878439,0.6
20.5,0.6,0.075,-1.34345824638,30.7361204533,0.854543957066,1.19,0.0816958552523,0.6
20.55,0.6,0.0680985749609,-1.30439277416,30.780999612,0.856332311489,1.22,0.075,0.6
20.6,0.6,0.0610104964614,-1.26442480531,30.8270817285,0.857996490009,1.25,0.0680985749609,0.6
20.65,0.6,0.0537551924318,-1.22355264889,30.8743650959,0.859523647728,1.28,0.0610104964614,0.6
20.7,0.6,0.0463525491562,-1.18177355166,30.9228471239,0.860901107689,1.31,0.0537551924318,0.6
20.75,0.6,0.0388228567654,-1.13908364464,30.9725243001,0.862116414988,1.34,0.0463525491562,0.6
20.8,0.6,0.0311867536227,-1.09547789402,31.0233921535,0.863157390593,1.37,0.0388228567654,0.6
20.85,0.6,0.023465169756,-1.05095005709,31.0754452201,0.864012184788,1.4,0.0311867536227,0.6
20.9,0.6,0.0156792694901,-1.00549264365,31.128677011,0.864669330157,1.43,0.023465169756,0.6
20.95,0.6,0.00785039343644,-0.959096883422,31.1830799836,0.865117794015,1.46,0.0156792694901,0.6
21,0.6,1.83697019872e-17,-0.911752699935,31.2386455151,0.865347030212,1.49,0.00785039343644,0.6
21.05,0.6,-0.00785039343644,-0.863448691393,31.2953638786,0.865347030212,1.52,1.90819582357e-17,0.6
21.1,0.6,-0.0156792694901,-0.814172118921,31.3532242226,0.865108373349,1.55,-0.00785039343644,0.6
21.15,0.6,-0.023465169756,-0.763908902639,31.4122145531,0.86462227616,1.58,-0.0156792694901,0.6
21.2,0.6,-0.0311867536227,-0.712643625934,31.4723217191,0.863880640673,1.61,-0.023465169756,0.6
21.25,0.6,-0.0388228567654,-0.660359548252,31.5335314015,0.862876101509,1.64,-0.0311867536227,0.6
21.3,0.6,-0.0463525491562,-0.607038626725,31.5958281055,0.861602071664,1.67,-0.0388228567654,0.6
21.35,0.6,-0.0537551924318,-0.552661546865,31.6591951567,0.860052786787,1.7,-0.0463525491562,0.6
21.4,0.6,-0.0610104964614,-0.497207762494,31.7236147019,0.858223347776,1.73,-0.0537551924318,0.6
21.45,0.6,-0.0680985749609,-0.440655545067,31.7890677133,0.856109761494,1.76,-0.0610104964614,0.6
21.5,0.6,-0.075,-0.382982042405,31.8555339987,0.853708979365,1.79,-0.0680985749609,0.6
21.55,0.6,-0.0816958552523,-0.32416334684,31.9229922158,0.851018933637,1.82,-0.075,0.6
21.6,0.6,-0.0881677878439,-0.264174572673,31.9914198927,0.848038571029,1.85,-0.0816958552523,0.6
21.65,0.6,-0.0943980586575,-0.202989942757,32.0607934544,0.844767883523,1.88,-0.0881677878439,0.6
21.7,0.6,-0.100369590954,-0.140582883941,32.1310882552,0.841207936008,1.91,-0.0943980586575,0.6
21.75,0.6,-0.106066017178,-0.0769261310143,32.2022786183,0.8373608905,1.94,-0.100369590954,0.6
21.8,0.6,-0.111471723822,-0.0119918387071,32.2743378834,0.833230026663,1.97,-0.106066017178,0.6
21.85,0.6,-0.116571894219,0.0542482988044,32.3472384608,0.828819758343,2,-0.111471723822,0.6
21.9,0.6,-0.121352549156,0.121822921522,32.4209518949,0.82413564585,2.03,-0.116571894219,0.6
21.95,0.6,-0.125800585192,0.190760871103,32.4954489358,0.819184403734,2.06,-0.121352549156,0.6
22,0.6,-0.129903810568,0.261091053016,32.5706996203,0.813973903826,2.09,-0.125800585192,0.6
22.05,0.6,-0.133650978628,0.332842294256,32.6466733616,0.808513173323,2.12,-0.129903810568,0.6
22.1,0.6,-0.137031818646,0.406043197608,32.7233390499,0.802812387752,2.15,-0.133650978628,0.6
22.15,0.6,-0.140037063975,0.480721993479,32.8006651609,0.796882858661,2.18,-0.137031818646,0.6
22.2,0.6,-0.142658477444,0.556906390396,32.8786198764,0.790737015949,2.21,-0.140037063975,0.6
22.25,0.6,-0.144888873943,0.6346234253,32.957171213,0.784388384768,2.24,-0.142658477444,0.6
22.3,0.6,-0.14672214011,0.713899314791,33.0362871617,0.777851556995,2.27,-0.144888873943,0.6
22.35,0.6,-0.148153251089,0.794759308479,33.1159358367,0.771142157316,2.3,-0.14672214011,0.6
22.4,0.6,-0.149178284305,0.877227545619,33.1960856331,0.764276804015,2.33,-0.148153251089,0.6
22.45,0.6,-0.149794430213,0.961326916135,33.2767053942,0.757273064609,2.36,-0.149178284305,0.6
22.5,0.6,-0.15,1.04707892714,33.3577645862,0.750149406535,2.39,-0.149794430213,0.6
22.55,0.6,-0.149794430213,1.13450357596,33.4392334807,0.742925143112,2.42,-0.15,0.6
22.6,0.6,-0.149178284305,1.2236192306,33.5210833439,0.735620375086,2.45,-0.149794430213,0.6
22.65,0.6,-0.148153251089,1.31444251851,33.6032866308,0.728255928072,2.48,-0.149178284305,0.6
22.7,0.6,-0.14672214011,1.4069882243,33.6858171847,0.720853286251,2.51,-0.148153251089,0.6
22.75,0.6,-0.144888873943,1.50126919716,33.7686504399,0.713434522729,2.54,-0.14672214011,0.6
22.8,0.6,-0.142658477444,1.59729626821,33.8517636255,0.706022226951,2.57,-0.144888873943,0.6
22.85,0.6,-0.140037063975,1.69507817826,33.9351359714,0.698639429605,2.6,-0.142658477444,0.6
22.9,0.6,-0.137031818646,1.79462151599,34.0187489125,0.691309525453,2.63,-0.140037063975,0.6
22.95,0.6,-0.133650978628,1.89593066668,34.1025862907,0.684056194519,2.66,-0.137031818646,0.6
23,0.6,-0.129903810568,1.99900777105,34.186634554,0.676903322057,2.69,-0.133650978628,0.6
23.05,0.6,-0.125800585192,2.10385269416,34.2708829492,0.669874917726,2.72,-0.129903810568,0.6
23.1,0.6,-0.121352549156,2.21046300359,34.355323709,0.662995034352,2.75,-0.125800585192,0.6
23.15,0.6,-0.116571894219,2.31883395653,34.43995223,0.656287686658,2.78,-0.121352549156,0.6
23.2,0.6,-0.111471723822,2.42895849471,34.524767241,0.649776770292,2.81,-0.116571894219,0.6
23.25,0.6,-0.106066017178,2.54082724655,34.6097709607,0.64348598147,2.84,-0.111471723822,0.6
23.3,0.6,-0.100369590954,2.65442853538,34.6949692422,0.637438737503,2.87,-0.106066017178,0.6
23.35,0.6,-0.0943980586575,2.76974839278,34.7803717041,0.631658098442,2.9,-0.100369590954,0.6
23.4,0.6,-0.0881677878439,2.88677057579,34.8659918459,0.62616669004,2.93,-0.0943980586575,0.6
23.45,0.6,-0.0816958552523,3.00547658708,34.9518471479,0.620986628206,2.96,-0.0881677878439,0.6
23.5,0.6,-0.075,3.12584569673,35.0379591531,0.616139445063,2.99,-0.0816958552523,0.6
23.55,0.6,-0.0680985749609,3.24785496462,35.1243535311,0.611646016724,3.02,-0.075,0.6
23.6,0.6,-0.0610104964614,3.37147926236,35.2110601226,0.607526492845,3.05,-0.0680985749609,0.6
23.65,0.6,-0.0537551924318,3.49669129372,35.298112964,0.603800228012,3.08,-0.0610104964614,0.6
23.7,0.6,-0.0463525491562,3.62346161283,35.3855502913,0.600485714981,3.11,-0.0537551924318,0.6
23.75,0.6,-0.0388228567654,3.75175863911,35.473414522,0.59760051979,3.14,-0.0463525491562,0.6
23.8,0.6,-0.0311867536227,3.88154866863,35.5617522163,0.595161218746,3.17,-0.0388228567654,0.6
23.85,0.6,-0.023465169756,4.01279588121,35.6506140146,0.593183337286,3.2,-0.0311867536227,0.6
23.9,0.6,-0.0156792694901,4.14546234315,35.7400545528,0.591681290729,3.23,-0.023465169756,0.6
23.95,0.6,-0.00785039343644,4.27950800537,35.830132355,0.59066832691,3.26,-0.0156792694901,0.6
24,0,0,4.41489069736,35.9209097019,0.590156470743,3.29,-0.00785039343644,0.6
