t,v_closed,a_cmd_closed,throttle_closed,brake_closed,v_open
0,0,2,0.678748068006,0,0
0.05,0.1,2,0.690927666151,0,0.203925
0.1,0.203,2,0.693920874807,0,0.405932901075
0.15,0.306,2,0.696635876352,0,0.606041725872
0.2,0.40891,2,0.699348262473,0,0.804269327607
0.25,0.51173,2,0.702066379382,0,1.00063339166
0.3,0.6144627,2,0.704790305542,0,1.19515143714
0.35,0.7171108,2,0.707519869029,0,1.38784081848
0.4,0.819676919,2,0.710254895566,0,1.57871872695
0.45,0.922163595,2,0.712995216033,0,1.7678021922
0.5,1.02457328743,2,0.715740666538,0,1.95510808379
0.55,1.12690837958,2,0.718491088264,0,2.14065311269
0.6,1.22917118096,2,0.72124632731,0,2.32445383278
0.65,1.33136392957,2,0.724006234538,0,2.5065266423
0.7,1.43348879414,2,0.72677066543,0,2.68688778533
0.75,1.53554787625,2,0.72953947994,0,2.86555335326
0.8,1.63754321243,2,0.732312542357,0,3.04253928619
0.85,1.73947677614,2,0.735089721173,0,3.21786137436
0.9,1.84135047977,2,0.737870888952,0,3.39153525958
0.95,1.94316617648,2,0.740655922201,0,3.5635764366
1,2.04492566209,2,0.743444701251,0,3.73400025452
1.05,2.1466306768,2,0.746237110139,0,3.90282191813
1.1,2.24828290693,2,0.749033036489,0,4.07005648928
1.15,2.34988398663,2,0.751832371407,0,4.23571888822
1.2,2.45143549942,2,0.75463500937,0,4.39982389495
1.25,2.55293897982,2,0.757440848119,0,4.56238615052
1.3,2.65439591484,2,0.760249788565,0,4.72342015832
1.35,2.75580774545,2,0.763061734682,0,4.88294028541
1.4,2.857175868,2,0.765876593421,0,5.04096076379
1.45,2.95850163564,2,0.768694274611,0,5.19749569165
1.5,3.0597863596,2,0.771514690873,0,5.35255903465
1.55,3.16103131053,2,0.774337757534,0,5.50616462716
1.6,3.26223771974,2,0.777163392542,0,5.6583261735
1.65,3.36340678042,2,0.779991516385,0,5.80905724915
1.7,3.46453964883,2,0.782822052012,0,5.95837130195
1.75,3.56563744542,2,0.785654924759,0,6.10628165334
1.8,3.66670125595,2,0.788490062271,0,6.25280149951
1.85,3.76773213259,2,0.791327394435,0,6.39794391262
1.9,3.86873109491,2,0.794166853309,0,6.54172184189
1.95,3.96969913094,2,0.797008373053,0,6.68414811486
2,4.07063719809,2,0.799851889864,0,6.82523543843
2.05,4.17154622416,2,0.802697341919,0,6.96499640007
2.1,4.27242710822,2,0.805544669303,0,7.10344346892
2.15,4.37328072149,2,0.808393813961,0,7.24058899687
2.2,4.47410790825,2,0.811244719631,0,7.36598842244
2.25,4.5749094866,2,0.814097331796,0,7.46789727522
2.3,4.67568624935,2,0.816951597626,0,7.55071595024
2.35,4.77643896476,2,0.819807465926,0,7.61802053415
2.4,4.87716837728,2,0.822664887085,0,7.67271721957
2.45,4.97787520833,2,0.82552381303,0,7.71716779369
2.5,5.07856015701,2,0.828384197175,0,7.75329161957
2.55,5.17922390076,2,0.831245994376,0,7.78264851364
2.6,5.27986709605,2,0.834109160887,0,7.80650609818
2.65,5.38049037903,2,0.836973654317,0,7.82589453683
2.7,5.48109436615,2,0.839839433587,0,7.84165101682
2.75,5.58167965478,2,0.842706458887,0,7.85445589845
2.8,5.68224682379,2,0.845574691645,0,7.86486209281
2.85,5.78279643415,2,0.848444094478,0,7.87331893642
2.9,5.88332902944,2,0.851314631163,0,7.88019159333
2.95,5.98384513641,2,0.854186266598,0,7.88577682292
3,6.08434526553,2,0.857058966766,0,7.89031579379
3.05,6.18482991144,2,0.859932698706,0,7.8940044974
3.1,6.28529955347,2,0.862807430476,0,7.89700221092
3.15,6.38575465613,2,0.865683131122,0,7.89943837476
3.2,6.48619566952,2,0.86855977065,0,7.90141818177
3.25,6.58662302984,2,0.871437319993,0,7.90302711945
3.3,6.68703715975,2,0.874315750985,0,7.90433466127
3.35,6.78743846886,2,0.877195036331,0,7.90539726651
3.4,6.88782735407,2,0.880075149582,0,7.90626081817
3.45,6.9882042,2,0.882956065107,0,7.90696260414
3.5,7.08856937938,2,0.88583775807,0,7.90753292736
3.55,7.18892325338,1.99218442128,0.88751223242,0,7.90799641421
3.6,7.28887539306,1.88223706763,0.873354404891,0,7.90837307792
3.65,7.38330782547,1.77836139198,0.859502061539,0,7.90867918273
3.7,7.47237126551,1.68039160793,0.846436730204,0,7.90892794614
3.75,7.55637078547,1.58799213599,0.834128817067,0,7.9091301097
3.8,7.63559901604,1.50084108236,0.822534611564,0,7.90929440277
3.85,7.71033169653,1.41863513382,0.811612445285,0,7.90942791948
3.9,7.7808284943,1.34108865627,0.801323075284,0,7.90953642504
3.95,7.84733394048,1.26793266548,0.791629558161,0,7.90962460468
4,7.91007831617,1.19891385222,0.782497115582,0,7.90969626598
4.05,7.96927848681,1.13379366451,0.773893007164,0,7.90975450326
4.1,8.02513868757,1.07234744367,0.76578641082,0,7.90980183118
4.15,8.07785126267,1.01436361106,0.758148310143,0,7.90984029336
4.2,8.12759736128,0.959642902592,0.75095138839,0,7.90987155056
4.25,8.17454759263,0.907997648106,0.744169928718,0,7.90989695248
4.3,8.21886264265,0.859251093082,0.737779720266,0,7.90991759596
4.35,8.26069385446,0.813236760099,0.731757969762,0,7.90993437238
4.4,8.30018377475,0.769797847777,0.726083218327,0,7.90994800614
4.45,8.33746666821,0.728786664969,0.720735263161,0,7.90995908594
4.5,8.3726690017,0.690064098135,0.715695083838,0,7.90996809021
4.55,8.40590990003,0.653499109965,0.710944772924,0,7.90997540774
4.6,8.4373015751,0.618968267387,0.706467470678,0,7.90998135451
4.65,8.46694972976,0.586355297265,0.702247303583,0,7.9099861873
4.7,8.49495393806,0.555550668135,0.698269326495,0,7.90999011477
4.75,8.52140800321,0.526451196471,0.694519468184,0,7.90999330653
4.8,8.54640029453,0.498959676019,0.69098448008,0,7.90999590039
4.85,8.57001406466,0.472984528869,0.687651888024,0,7.90999800836
4.9,8.59232774822,0.448439476959,0.684509946858,0,7.90999972144
4.95,8.61341524287,0.425243232847,0.681547597679,0,7.91000111362
5,8.63334617402,0.403319208581,0.678754427602,0,7.91000224501
5.05,8.65218614396,0.382595241639,0.676120631895,0,7.91000316446
5.1,8.66999696644,0.363003336912,0.673636978324,0,7.91000391168
5.15,8.68683688745,0.344479423805,0.671294773604,0,7.91000451892
5.2,8.70276079313,0.326963127555,0.669085831812,0,7.91000501241
5.25,8.71782040551,0.310397553943,0.66700244466,0,7.91000541345
5.3,8.73206446672,0.294729086606,0.665037353508,0,7.91000573937
5.35,8.74553891253,0.279907196217,0.663183723026,0,7.91000600424
5.4,8.75828703561,0.265884260827,0.661435116397,0,7.91000621949
5.45,8.77034963934,0.252615396721,0.65978547198,0,7.91000639442
5.5,8.78176518257,0.240058299172,0.658229081339,0,7.91000653658
5.55,8.7925699159,0.228173092507,0.656760568562,0,7.91000665211
5.6,8.80279801005,0.216922188942,0.655374870799,0,7.91000674599
5.65,8.81248167666,0.206270155669,0.654067219934,0,7.91000682229
5.7,8.82165128207,0.196183589722,0.652833125338,0,7.9100068843
5.75,8.83033545441,0.186631000144,0.651668357634,0,7.91000693469
5.8,8.8385611845,0.177582697047,0.65056893341,0,7.91000697564
5.85,8.84635392077,0.169010687158,0.649531100836,0,7.91000700892
5.9,8.85373765868,0.160888575456,0.648551326115,0,7.91000703597
5.95,8.86073502495,0.15319147256,0.64762628074,0,7.91000705795
6,8.8673673568,0.145895907525,0.646752829491,0,7.91000707581
6.05,8.87365477661,0.138979745724,0.645928019134,0,7.91000709033
6.1,8.87961626225,0.132422111526,0.645149067791,0,7.91000710213
6.15,8.8852697132,0.126203315482,0.644413354926,0,7.91000711171
6.2,8.89063201294,0.120304785763,0.643718411924,0,7.9100071195
6.25,8.89571908765,0.114709003589,0.643061913213,0,7.91000712584
6.3,8.90054596143,0.109399442429,0.642441667916,0,7.91000713098
6.35,8.90512680842,0.104360510743,0.641855611992,0,7.91000713516
6.4,8.90947500177,0.0995774980543,0.641301800826,0,7.91000713856
6.45,8.91360315984,0.0950365241712,0.640778402268,0,7.91000714132
6.5,8.91752318967,0.0907244913605,0.640283690069,0,7.91000714357
6.55,8.9212463279,0.0866290393061,0.639816037711,0,7.91000714539
6.6,8.92478317937,0.0827385026882,0.639373912585,0,7.91000714687
6.65,8.92814375343,0.0790418712311,0.638955870525,0,7.91000714808
6.7,8.93133749812,0.0755287520732,0.638560550653,0,7.91000714906
6.75,8.93437333243,0.0721893343252,0.638186670524,0,7.91000714985
6.8,8.93725967665,0.0690143556872,0.637833021566,0,7.9100071505
6.85,8.9400044809,0.065995071005,0.637498464774,0,7.91000715103
6.9,8.94261525213,0.0631232226526,0.637181926664,0,7.91000715145
6.95,8.94509907942,0.0603910126329,0.636882395463,0,7.9100071518
7,8.94746265791,0.0577910762975,0.636598917518,0,7.91000715208
7.05,8.94971231128,0.0553164575903,0.63633059392,0,7.91000715231
7.1,8.95185401298,0.0529605857262,0.636076577319,0,7.9100071525
7.15,8.95389340616,0.0507172532207,0.635836068935,0,7.91000715265
7.2,8.95583582255,0.0485805951926,0.635608315734,0,7.91000715277
7.25,8.95768630012,0.0465450698633,0.635392607772,0,7.91000715287
7.3,8.95944959983,0.0446054401859,0.635188275699,0,7.91000715295
7.35,8.96113022133,0.0427567565354,0.634994688401,0,7.91000715302
7.4,8.96273241782,0.0409943403997,0.634811250788,0,7.91000715307
7.45,8.96426020999,0.0393137690127,0.634637401703,0,7.91000715312
7.5,8.96571739921,0.0377108608743,0.634472611957,0,7.91000715315
7.55,8.9671075799,0.0361816621064,0.634316382483,0,7.91000715318
7.6,8.96843415128,0.0347224335943,0.634168242588,0,7.9100071532
7.65,8.9697003283,0.033329638871,0.634027748317,0,7.91000715322
7.7,8.97090915209,0.0319999326974,0.633894480903,0,7.91000715324
7.75,8.97206349973,0.030730150301,0.633768045315,0,7.91000715325
7.8,8.97316609342,0.0295172972325,0.63364806889,0,7.91000715326
7.85,8.97421950927,0.0283585398068,0.633534200037,0,7.91000715327
7.9,8.97522618537,0.027251196091,0.633426107025,0,7.91000715328
7.95,8.97618842963,0.0261927274118,0.63332347684,0,7.91000715328
8,8.97710842696,0.0251807303478,0.633226014105,0,7.91000715329
8.05,8.9779882462,0.0242129291825,0.633133440065,0,7.91000715329
8.1,8.97882984656,0.0232871687881,0.633045491632,0,7.91000715329
8.15,8.97963508371,0.0224014079172,0.632961920483,0,7.91000715329
8.2,8.98040571557,0.0215537128776,0.632882492215,0,7.9100071533
8.25,8.98114340767,0.0207422515682,0.632806985543,0,7.9100071533
8.3,8.98184973831,0.0199652878557,0.63273519155,0,7.9100071533
8.35,8.98252620339,0.0192211762716,0.632666912976,0,7.9100071533
8.4,8.9831742209,0.0185083570111,0.632601963553,0,7.9100071533
8.45,8.98379513526,0.0178253512166,0.632540167375,0,7.9100071533
8.5,8.98439022134,0.0171707565295,0.632481358305,0,7.9100071533
8.55,8.98496068828,0.0165432428945,0.632425379419,0,7.9100071533
8.6,8.98550768309,0.0159415486018,0.632372082478,0,7.9100071533
8.65,8.98603229404,0.0153644765535,0.632321327436,0,7.9100071533
8.7,8.98653555387,0.0148108907414,0.632272981968,0,7.9100071533
8.75,8.9870184428,0.0142797129241,0.632226921038,0,7.9100071533
8.8,8.98748189137,0.0137699194914,0.632183026479,0,7.9100071533
8.85,8.98792678318,0.0132805385057,0.632141186604,0,7.9100071533
8.9,8.98835395735,0.0128106469101,0.632101295842,0,7.9100071533
8.95,8.98876421101,0.0123593678932,0.632063254385,0,7.9100071533
9,8.98915830145,0.0119258684027,0.632026967869,0,7.9100071533
9.05,8.98953694837,0.0115093567977,0.631992347061,0,7.9100071533
9.1,8.98990083579,0.0111090806328,0.631959307572,0,7.9100071533
9.15,8.99025061403,0.0107243245664,0.631927769582,0,7.9100071533
9.2,8.99058690147,0.0103544083856,0.631897657584,0,7.9100071533
9.25,8.99091028624,0.00999868514115,0.631868900142,0,7.9100071533
9.3,8.99122132783,0.00965653938675,0.631841429659,0,7.9100071533
9.35,8.99152055862,0.0093273855157,0.631815182167,0,7.9100071533
9.4,8.99180848528,0.00901066619019,0.631790097119,0,7.9100071533
9.45,8.99208559013,0.00870585085762,0.631766117198,0,7.9100071533
9.5,8.99235233241,0.0084124343489,0.631743188139,0,7.9100071533
9.55,8.9926091495,0.00812993555421,0.631721258559,0,7.9100071533
9.6,8.99285645803,0.00785789617182,0.631700279793,0,7.9100071533
9.65,8.99309465498,0.00759587952563,0.631680205745,0,7.9100071533
9.7,8.99332411868,0.00734346944778,0.631660992747,0,7.9100071533
9.75,8.9935452098,0.00710026922237,0.631642599422,0,7.9100071533
9.8,8.99375827219,0.00686590058711,0.631624986557,0,7.9100071533
9.85,8.99396363383,0.00664000278933,0.631608116986,0,7.9100071533
9.9,8.99416160755,0.00642223169353,0.631591955476,0,7.9100071533
9.95,8.99435249188,0.00621225893732,0.631576468618,0,7.9100071533
10,8.9945365717,0.00600977113328,0.631561624732,0,7.9100071533
10.05,8.99471411899,0.0058144691139,0.631547393768,0,7.9100071533
10.1,8.99488539344,0.00562606721734,0.631533747219,0,7.9100071533
10.15,8.99505064308,0.00544429261164,0.631520658034,0,7.9100071533
10.2,8.99521010486,0.00526888465523,0.631508100545,0,7.9100071533
10.25,8.99536400519,0.0050995942918,0.631496050382,0,7.9100071533
10.3,8.99551256048,0.00493618347736,0.631484484413,0,7.9100071533
10.35,8.9956559776,0.00477842463803,0.63147338067,0,7.9100071533
10.4,8.9957944544,0.00462610015657,0.631462718288,0,7.9100071533
10.45,8.9959281801,0.00447900188611,0.631452477447,0,7.9100071533
10.5,8.99605733574,0.00433693068971,0.631442639315,0,7.9100071533
10.55,8.99618209454,0.00419969600412,0.631433185993,0,7.9100071533
10.6,8.99630262234,0.00406711542649,0.631424100468,0,7.9100071533
10.65,8.99641907789,0.00393901432279,0.631415366566,0,7.9100071533
10.7,8.99653161322,0.00381522545667,0.631406968904,0,7.9100071533
10.75,8.99664037397,0.00369558863766,0.631398892851,0,7.9100071533
10.8,8.99674549965,0.00357995038768,0.631391124489,0,7.9100071533
10.85,8.99684712398,0.00346816362477,0.63138365057,0,7.9100071533
10.9,8.99694537512,0.00336008736317,0.631376458488,0,7.9100071533
10.95,8.99704037597,0.00325558642887,0.631369536241,0,7.9100071533
11,8.99713224437,0.00315453118966,0.631362872398,0,7.9100071533
11.05,8.99722109336,0.00305679729902,0.631356456076,0,7.9100071533
11.1,8.99730703141,0.00296226545308,0.631350276902,0,7.9100071533
11.15,8.99739016258,0.00287082115985,0.631344324996,0,7.9100071533
11.2,8.9974705868,0.00278235452012,0.631338590939,0,7.9100071533
11.25,8.99754839998,0.00269676001946,0.631333065752,0,7.9100071533
11.3,8.99762369424,0.00261393633057,0.631327740873,0,7.9100071533
11.35,8.99769655807,0.00253378612556,0.631322608134,0,7.9100071533
11.4,8.99776707646,0.00245621589754,0.631317659746,0,7.9100071533
11.45,8.9978353311,0.00238113579111,0.631312888274,0,7.9100071533
11.5,8.99790140051,0.00230845944114,0.631308286622,0,7.9100071533
11.55,8.99796536016,0.00223810381956,0.631303848015,0,7.9100071533
11.6,8.99802728265,0.00216998908959,0.631299565983,0,7.9100071533
11.65,8.99808723776,0.0021040384671,0.631295434348,0,7.9100071533
11.7,8.99814529265,0.00204017808876,0.631291447206,0,7.9100071533
11.75,8.99820151192,0.00197833688643,0.631287598914,0,7.9100071533
11.8,8.99825595776,0.00191844646773,0.631283884081,0,7.9100071533
11.85,8.99830869,0.00186044100227,0.63128029755,0,7.9100071533
11.9,8.99835976626,0.0018042571133,0.63127683439,0,7.9100071533
11.95,8.99840924202,0.00174983377453,0.631273489884,0,7.9100071533
12,8.99845717072,0.00169711221182,0.631270259521,0,7.9100071533
12.05,8.99850360381,0.0016460358095,0.631267138979,0,7.9100071533
12.1,8.99854859089,0.00159655002104,0.631264124126,0,7.9100071533
12.15,8.99859217974,0.00154860228393,0.631261211003,0,7.9100071533
12.2,8.99863441642,0.00150214193848,0.631258395818,0,7.9100071533
12.25,8.99867534532,0.00145712015037,0.631255674939,0,7.9100071533
12.3,8.99871500924,0.00141348983677,0.631253044887,0,7.9100071533
12.35,8.99875344946,0.00137120559582,0.631250502326,0,7.9100071533
12.4,8.99879070578,0.0013302236393,0.631248044059,0,7.9100071533
12.45,8.99882681661,0.00129050172838,0.631245667021,0,7.9100071533
12.5,8.99886181899,0.00125199911225,0.631243368271,0,7.9100071533
12.55,8.99889574866,0.00121467646949,0.631241144988,0,7.9100071533
12.6,8.99892864013,0.00117849585202,0.631238994466,0,7.9100071533
12.65,8.9989605267,0.00114342063163,0.631236914109,0,7.9100071533
12.7,8.9989914405,0.00110941544872,0.631234901421,0,7.9100071533
12.75,8.99902141258,0.00107644616344,0.631232954009,0,7.9100071533
12.8,8.9990504729,0.00104447980885,0.631231069574,0,7.9100071533
12.85,8.99907865041,0.00101348454616,0.631229245907,0,7.9100071533
12.9,8.99910597307,0.000983429621859,0.631227480886,0,7.9100071533
12.95,8.99913246788,0.000954285326778,0.631225772471,0,7.9100071533
13,8.99915816095,0.000926022956779,0.631224118701,0,7.9100071533
13.05,8.99918307748,0.000898614775193,0.631222517692,0,7.9100071533
13.1,8.99920724184,0.000872033976816,0.631220967632,0,7.9100071533
13.15,8.99923067759,0.000846254653418,0.631219466777,0,7.9100071533
13.2,8.99925340749,0.000821251760697,0.63121801345,0,7.9100071533
13.25,8.99927545356,0.0007970010866,0.631216606037,0,7.9100071533
13.3,8.99929683707,0.000773479220954,0.631215242986,0,7.9100071533
13.35,8.99931757861,0.000750663526348,0.6312139228,0,7.9100071533
13.4,8.99933769808,0.000728532110201,0.631212644041,0,7.9100071533
13.45,8.99935721473,0.000707063797961,0.631211405322,0,7.9100071533
13.5,8.99937614718,0.000686238107397,0.631210205309,0,7.9100071533
13.55,8.99939451343,0.000666035223915,0.631209042714,0,7.9100071533
13.6,8.99941233093,0.000646435976864,0.6312079163,0,7.9100071533
13.65,8.99942961653,0.000627421816785,0.631206824872,0,7.9100071533
13.7,8.99944638655,0.000608974793562,0.631205767279,0,7.9100071533
13.75,8.99946265679,0.00059107753542,0.63120474241,0,7.9100071533
13.8,8.99947844252,0.000573713228763,0.631203749197,0,7.9100071533
13.85,8.99949375855,0.000556865598784,0.631202786608,0,7.9100071533
13.9,8.99950861919,0.000540518890825,0.631201853647,0,7.9100071533
13.95,8.99952303832,0.000524657852465,0.631200949354,0,7.9100071533
14,8.99953702935,0.000509267716284,0.631200072804,0,7.9100071533
14.05,8.99955060529,0.000494334183288,0.631199223102,0,7.9100071533
14.1,8.99956377872,0.00047984340696,0.631198399385,0,7.9100071533
14.15,8.99957656184,0.000465781977917,0.631197600822,0,7.9100071533
14.2,8.99958896645,0.00045213690914,0.631196826608,0,7.9100071533
14.25,8.99960100398,0.000438895621753,0.631196075966,0,7.9100071533
14.3,8.99961268552,0.000426045931337,0.631195348149,0,7.9100071533
14.35,8.99962402179,0.000413576034738,0.631194642431,0,7.9100071533
14.4,8.99963502318,0.000401474497379,0.631193958113,0,7.9100071533
14.45,8.99964569978,0.000389730241015,0.63119329452,0,7.9100071533
14.5,8.99965606133,0.00037833253195,0.631192650999,0,7.9100071533
14.55,8.9996661173,0.000367270969677,0.63119202692,0,7.9100071533
14.6,8.99967587684,0.000356535475924,0.631191421672,0,7.9100071533
14.65,8.99968534883,0.000346116284095,0.631190834666,0,7.9100071533
14.7,8.99969454188,0.000336003929094,0.631190265333,0,7.9100071533
14.75,8.99970346433,0.000326189237504,0.631189713122,0,7.9100071533
14.8,8.99971212426,0.000316663318119,0.6311891775,0,7.9100071533
14.85,8.9997205295,0.000307417552807,0.631188657953,0,7.9100071533
14.9,8.99972868765,0.000298443587692,0.631188153983,0,7.9100071533
14.95,8.99973660607,0.000289733324657,0.631187665108,0,7.9100071533
15,8.9997442919,0.000281278913122,0.631187190861,0,7.9100071533
15.05,8.99975175205,0.000273072742127,0.631186730793,0,7.9100071533
15.1,8.99975899324,0.000265107432676,0.631186284466,0,7.9100071533
15.15,8.99976602197,0.00025737583035,0.63118585146,0,7.9100071533
15.2,8.99977284455,0.000249870998172,0.631185431365,0,7.9100071533
15.25,8.99977946708,0.000242586209712,0.631185023786,0,7.9100071533
15.3,8.99978589551,0.000235514942437,0.631184628341,0,7.9100071533
15.35,8.99979213557,0.00022865087127,0.631184244659,0,7.9100071533
15.4,8.99979819285,0.000221987862381,0.631183872382,0,7.9100071533
15.45,8.99980407276,0.000215519967177,0.631183511163,0,7.9100071533
15.5,8.99980978053,0.000209241416503,0.631183160666,0,7.9100071533
15.55,8.99981532126,0.000203146615026,0.631182820565,0,7.9100071533
15.6,8.99982069988,0.000197230135813,0.631182490544,0,7.9100071533
15.65,8.99982592117,0.000191486715087,0.6311821703,0,7.9100071533
15.7,8.99983098978,0.000185911247153,0.631181859536,0,7.9100071533
15.75,8.9998359102,0.000180498779498,0.631181557967,0,7.9100071533
15.8,8.99984068681,0.000175244508045,0.631181265314,0,7.9100071533
15.85,8.99984532384,0.000170143772564,0.631180981309,0,7.9100071533
15.9,8.99984982541,0.000165192052241,0.631180705692,0,7.9100071533
15.95,8.99985419549,0.000160384961375,0.63118043821,0,7.9100071533
16,8.99985843796,0.000155718245231,0.63118017862,0,7.9100071533
16.05,8.99986255657,0.000151187776012,0.631179926685,0,7.9100071533
16.1,8.99986655496,0.00014678954898,0.631179682174,0,7.9100071533
16.15,8.99987043666,0.000142519678682,0.631179444867,0,7.9100071533
16.2,8.9998742051,0.000138374395306,0.631179214547,0,7.9100071533
16.25,8.9998778636,0.000134350041155,0.631178991005,0,7.9100071533
16.3,8.99988141539,0.000130443067231,0.63117877404,0,7.9100071533
16.35,8.99988486361,0.000126650029929,0.631178563454,0,7.9100071533
16.4,8.99988821128,0.000122967587836,0.631178359058,0,7.9100071533
16.45,8.99989146136,0.000119392498628,0.631178160668,0,7.9100071533
16.5,8.99989461671,0.000115921616067,0.631177968104,0,7.9100071533
16.55,8.9998976801,0.000112551887102,0.631177781194,0,7.9100071533
16.6,8.99990065423,0.00010928034904,0.631177599769,0,7.9100071533
16.65,8.9999035417,0.000106104126827,0.631177423666,0,7.9100071533
16.7,8.99990634506,0.000103020430401,0.631177252728,0,7.9100071533
16.75,8.99990906677,0.000100026552136,0.631177086801,0,7.9100071533
16.8,8.99991170921,9.71198643592e-05,0.631176925737,0,7.9100071533
16.85,8.99991427471,9.42978169453e-05,0.631176769392,0,7.9100071533
16.9,8.99991676551,9.15579349972e-05,0.631176617626,0,7.9100071533
16.95,8.9999191838,8.88978165811e-05,0.631176470304,0,7.9100071533
17,8.9999215317,8.63151305431e-05,0.631176327294,0,7.9100071533
17.05,8.99992381126,8.38076143923e-05,0.631176188469,0,7.9100071533
17.1,8.99992602448,8.13730722456e-05,0.631176053706,0,7.9100071533
17.15,8.9999281733,7.90093728384e-05,0.631175922884,0,7.9100071533
17.2,8.99993025959,7.6714447594e-05,0.631175795887,0,7.9100071533
17.25,8.99993228519,7.4486288754e-05,0.631175672602,0,7.9100071533
17.3,8.99993425187,7.23229475684e-05,0.631175552921,0,7.9100071533
17.35,8.99993616133,7.02225325371e-05,0.631175436737,0,7.9100071533
17.4,8.99993801527,6.81832077046e-05,0.631175323946,0,7.9100071533
17.45,8.99993981528,6.620319101e-05,0.63117521445,0,7.9100071533
17.5,8.99994156295,6.42807526873e-05,0.631175108151,0,7.9100071533
17.55,8.99994325981,6.24142137079e-05,0.631175004955,0,7.9100071533
17.6,8.99994490732,6.06019442799e-05,0.631174904772,0,7.9100071533
17.65,8.99994650694,5.88423623864e-05,0.631174807511,0,7.9100071533
17.7,8.99994806006,5.71339323729e-05,0.631174713089,0,7.9100071533
17.75,8.99994956803,5.54751635679e-05,0.631174621421,0,7.9100071533
17.8,8.99995103217,5.38646089598e-05,0.631174532426,0,7.9100071533
17.85,8.99995245376,5.23008638996e-05,0.631174446027,0,7.9100071533
17.9,8.99995383403,5.07825648503e-05,0.631174362146,0,7.9100071533
17.95,8.99995517419,4.93083881754e-05,0.631174280711,0,7.9100071533
18,8.99995647541,4.78770489567e-05,0.631174201649,0,7.9100071533
18.05,8.99995773882,4.64872998553e-05,0.631174124892,0,7.9100071533
18.1,8.99995896552,4.51379299996e-05,0.631174050371,0,7.9100071533
18.15,8.99996015658,4.38277639146e-05,0.631173978021,0,7.9100071533
18.2,8.99996131304,4.25556604766e-05,0.631173907778,0,7.9100071533
18.25,8.9999624359,4.13205118987e-05,0.631173839581,0,7.9100071533
18.3,8.99996352614,4.01212427562e-05,0.631173773371,0,7.9100071533
18.35,8.99996458472,3.8956809029e-05,0.631173709088,0,7.9100071533
18.4,8.99996561255,3.78261971811e-05,0.631173646677,0,7.9100071533
18.45,8.99996661052,3.6728423262e-05,0.631173586082,0,7.9100071533
18.5,8.99996757952,3.56625320372e-05,0.631173527251,0,7.9100071533
18.55,8.99996852037,3.46275961494e-05,0.631173470133,0,7.9100071533
18.6,8.9999694339,3.36227152948e-05,0.631173414677,0,7.9100071533
18.65,8.9999703209,3.2647015429e-05,0.631173360834,0,7.9100071533
18.7,8.99997118214,3.16996480015e-05,0.631173308558,0,7.9100071533
18.75,8.99997201837,3.07797892031e-05,0.631173257803,0,7.9100071533
18.8,8.99997283033,2.98866392432e-05,0.631173208524,0,7.9100071533
18.85,8.99997361871,2.90194216424e-05,0.631173160679,0,7.9100071533
18.9,8.9999743842,2.81773825542e-05,0.631173114225,0,7.9100071533
18.95,8.99997512746,2.7359790097e-05,0.631173069122,0,7.9100071533
19,8.99997584915,2.6565933717e-05,0.63117302533,0,7.9100071533
19.05,8.99997654989,2.57951235573e-05,0.631172982812,0,7.9100071533
19.1,8.99997723028,2.50466898576e-05,0.63117294153,0,7.9100071533
19.15,8.99997789093,2.43199823624e-05,0.631172901449,0,7.9100071533
19.2,8.99997853239,2.36143697522e-05,0.631172862532,0,7.9100071533
19.25,8.99997915524,2.29292390891e-05,0.631172824746,0,7.9100071533
19.3,8.99997976,2.22639952806e-05,0.631172788059,0,7.9100071533
19.35,8.99998034722,2.16180605586e-05,0.631172752438,0,7.9100071533
19.4,8.99998091739,2.09908739668e-05,0.631172717853,0,7.9100071533
19.45,8.99998147101,2.03818908808e-05,0.631172684272,0,7.9100071533
19.5,8.99998200856,1.97905825189e-05,0.631172651667,0,7.9100071533
19.55,8.99998253051,1.92164354891e-05,0.63117262001,0,7.9100071533
19.6,8.99998303732,1.86589513357e-05,0.631172589272,0,7.9100071533
19.65,8.99998352941,1.81176461036e-05,0.631172559427,0,7.9100071533
19.7,8.99998400723,1.75920499142e-05,0.63117253045,0,7.9100071533
19.75,8.99998447118,1.70817065573e-05,0.631172502314,0,7.9100071533
19.8,8.99998492166,1.65861730881e-05,0.631172474995,0,7.9100071533
19.85,8.99998535907,1.61050194446e-05,0.63117244847,0,7.9100071533
19.9,8.99998578379,1.56378280684e-05,0.631172422715,0,7.9100071533
19.95,8.99998619619,1.5184193547e-05,0.631172397709,0,7.9100071533
20,8.99998659662,1.47437222486e-05,0.631172373428,0,7.9100071533
20.05,8.99998698543,1.4316031988e-05,0.631172349853,0,7.9100071533
20.1,8.99998736295,1.39007516882e-05,0.631172326963,0,7.9100071533
20.15,8.99998772953,1.34975210605e-05,0.631172304737,0,7.9100071533
20.2,8.99998808546,1.31059902854e-05,0.631172283156,0,7.9100071533
20.25,8.99998843107,1.27258197121e-05,0.631172262202,0,7.9100071533
20.3,8.99998876665,1.23566795596e-05,0.631172241857,0,7.9100071533
20.35,8.9999890925,1.19982496308e-05,0.631172222102,0,7.9100071533
20.4,8.99998940889,1.1650219032e-05,0.631172202921,0,7.9100071533
20.45,8.9999897161,1.13122859005e-05,0.631172184297,0,7.9100071533
20.5,8.9999900144,1.09841571494e-05,0.631172166213,0,7.9100071533
20.55,8.99999030405,1.06655482009e-05,0.631172148654,0,7.9100071533
20.6,8.99999058529,1.03561827469e-05,0.631172131605,0,7.9100071533
20.65,8.99999085837,1.00557925082e-05,0.631172115051,0,7.9100071533
20.7,8.99999112353,9.76411699405e-06,0.631172098978,0,7.9100071533
20.75,8.999991381,9.48090328361e-06,0.631172083371,0,7.9100071533
20.8,8.99999163099,9.20590579909e-06,0.631172068217,0,7.9100071533
20.85,8.99999187374,8.93888609674e-06,0.631172053503,0,7.9100071533
20.9,8.99999210944,8.67961265776e-06,0.631172039216,0,7.9100071533
20.95,8.99999233831,8.42786068702e-06,0.631172025343,0,7.9100071533
21,8.99999256053,8.18341191771e-06,0.631172011874,0,7.9100071533
21.05,8.99999277631,7.94605441978e-06,0.631171998795,0,7.9100071533
21.1,8.99999298583,7.71558241635e-06,0.631171986096,0,7.9100071533
21.15,8.99999318928,7.4917961097e-06,0.631171973765,0,7.9100071533
21.2,8.99999338682,7.27450149771e-06,0.631171961792,0,7.9100071533
21.25,8.99999357863,7.06351021549e-06,0.631171950167,0,7.9100071533
21.3,8.99999376487,6.85863936543e-06,0.631171938879,0,7.9100071533
21.35,8.99999394572,6.65971135891e-06,0.631171927918,0,7.9100071533
21.4,8.99999412131,6.46655376197e-06,0.631171917276,0,7.9100071533
21.45,8.99999429182,6.27899915067e-06,0.631171906942,0,7.9100071533
21.5,8.99999445738,6.09688495672e-06,0.631171896908,0,7.9100071533
21.55,8.99999461813,5.92005333271e-06,0.631171887166,0,7.9100071533
21.6,8.99999477423,5.74835101332e-06,0.631171877706,0,7.9100071533
21.65,8.99999492579,5.58162918249e-06,0.63117186852,0,7.9100071533
21.7,8.99999507296,5.41974334247e-06,0.631171859601,0,7.9100071533
21.75,8.99999521586,5.26255319073e-06,0.631171850941,0,7.9100071533
21.8,8.99999535462,5.10992249687e-06,0.631171842532,0,7.9100071533
21.85,8.99999548935,4.96171898146e-06,0.631171834367,0,7.9100071533
21.9,8.99999562017,4.81781420856e-06,0.631171826439,0,7.9100071533
21.95,8.9999957472,4.67808346851e-06,0.631171818741,0,7.9100071533
22,8.99999587054,4.5424056685e-06,0.631171811267,0,7.9100071533
22.05,8.99999599031,4.41066323091e-06,0.631171804009,0,7.9100071533
22.1,8.9999961066,4.2827419918e-06,0.631171796962,0,7.9100071533
22.15,8.99999621952,4.15853110116e-06,0.631171790119,0,7.9100071533
22.2,8.99999632916,4.03792292136e-06,0.631171783475,0,7.9100071533
22.25,8.99999643562,3.92081294311e-06,0.631171777023,0,7.9100071533
22.3,8.999996539,3.80709968582e-06,0.631171770759,0,7.9100071533
22.35,8.99999663938,3.69668461548e-06,0.631171764676,0,7.9100071533
22.4,8.99999673684,3.58947205683e-06,0.63117175877,0,7.9100071533
22.45,8.99999683148,3.48536911119e-06,0.631171753035,0,7.9100071533
22.5,8.99999692338,3.3842855764e-06,0.631171747467,0,7.9100071533
22.55,8.99999701261,3.28613386475e-06,0.63117174206,0,7.9100071533
22.6,8.99999709925,3.19082893263e-06,0.63117173681,0,7.9100071533
22.65,8.99999718337,3.09828820235e-06,0.631171731712,0,7.9100071533
22.7,8.99999726506,3.00843149184e-06,0.631171726762,0,7.9100071533
22.75,8.99999734438,2.9211809462e-06,0.631171721956,0,7.9100071533
22.8,8.9999974214,2.83646097134e-06,0.631171717289,0,7.9100071533
22.85,8.99999749618,2.75419816163e-06,0.631171712757,0,7.9100071533
22.9,8.9999975688,2.67432124517e-06,0.631171708357,0,7.9100071533
22.95,8.99999763931,2.59676101741e-06,0.631171704085,0,7.9100071533
23,8.99999770777,2.52145027861e-06,0.631171699936,0,7.9100071533
23.05,8.99999777425,2.44832378105e-06,0.631171695908,0,7.9100071533
23.1,8.9999978388,2.37731817041e-06,0.631171691997,0,7.9100071533
23.15,8.99999790148,2.30837192916e-06,0.631171688199,0,7.9100071533
23.2,8.99999796234,2.2414253257e-06,0.631171684511,0,7.9100071533
23.25,8.99999802144,2.17642035771e-06,0.631171680931,0,7.9100071533
23.3,8.99999807882,2.11330070918e-06,0.631171677454,0,7.9100071533
23.35,8.99999813453,2.05201169763e-06,0.631171674078,0,7.9100071533
23.4,8.99999818864,1.99250022526e-06,0.631171670799,0,7.9100071533
23.45,8.99999824117,1.93471473402e-06,0.631171667616,0,7.9100071533
23.5,8.99999829218,1.87860516458e-06,0.631171664526,0,7.9100071533
23.55,8.99999834171,1.82412290552e-06,0.631171661525,0,7.9100071533
23.6,8.9999983898,1.77122076011e-06,0.631171658611,0,7.9100071533
23.65,8.9999984365,1.71985289743e-06,0.631171655781,0,7.9100071533
23.7,8.99999848184,1.66997481728e-06,0.631171653034,0,7.9100071533
23.75,8.99999852587,1.621543311e-06,0.631171650366,0,7.9100071533
23.8,8.99999856862,1.57451642053e-06,0.631171647776,0,7.9100071533
23.85,8.99999861013,1.52885340903e-06,0.63117164526,0,7.9100071533
23.9,8.99999865044,1.48451471595e-06,0.631171642818,0,7.9100071533
23.95,8.99999868958,1.44146193364e-06,0.631171640447,0,7.9100071533
